Subject,caaCAT
1500 BCE to 500 BCE,Chronology
500 BCE to 500 CE,Chronology
Aesthetics,Subject
Africa,Geographic
African American/African Diaspora,Subject
African Art (sub-Saharan),Geographic
Ancient Egyptian/Near Eastern Art,Subject
Ancient Greek/Roman Art,Subject
Architectural History and Urbanism/Urban Planning/Historic Preservation,Subject
Architectural History/Historic Preservation,Subject
Architectural History/Urbanism/Historic Preservation,Subject
Art Education/Pedagogy/Art Therapy,Subject
Art of the Ancient Americas,Subject
Art of the Middle East/North Africa,Geographic
Art of the United States,Geographic
Artistic Practice/Creativity,Subject
Asian American/Asian Diaspora,Subject
Before 1500 BCE,Chronology
Caribbean,Geographic
Central America,Geographic
Central America and Caribbean,Geographic
Central America and Caribbean,Geographic
Central and North Asia,Geographic
Ceramics/Metals/Fiber Arts/Glass,Subject
Chinese Art,Geographic
Colonial and Modern Latin America,Subject
Comparative,Subject
Conceptual Art,Subject
Contemporary Art,Chronology
Critical Theory/Gender Studies/Visual Studies,Subject
Decorative Arts,Subject
Decorative Arts/Textiles/Design History,Subject
Decorative Arts/Textiles/Design History/Interior Design,Subject
Design History,Subject
Digital Media/Animation,Subject
Digital Media/New Media/Web-Based Media,Subject
Digital Scholarship/History,Subject
Digital/Internet/New Media,Subject
Drawings/Prints/Work on Paper/Artistic Practice,Subject
Drawings/Prints/Works on Paper,Subject
Drawings/Prints/Works on Paper/Artists' Books,Subject
Early Christian/Byzantine Art,Chronology
Early Medieval/Romanesque/Gothic Art,Chronology
East Asia,Geographic
Egyptian/Ancient Near Eastern Art,Subject
Eighteenth Century,Chronology
Eighteenth-Century Art,Chronology
Eleventh to Fourteenth Century,Chronology
Eleventh- to Fourteenth-Century CE/Medieval Art,Chronology
Fifteenth- to Seventeenth-Century Art,Chronology
Film/Video,Subject
Film/Video/Animation,Subject
Folk Art/Vernacular Art,Subject
Genders/Sexualities/Feminisms,Subject
Graphic/Industrial/Object Design,Subject
Greek/Roman Art,Subject
Indigenous Peoples,Subject
Installation/Environmental Art,Subject
Islamic Art,Subject
Japanese/Korean Art,Geographic
Latin American/Caribbean Art,Geographic
Latinx,Subject
Material Culture,Subject
Middle Eastern/Western Asia,Geographic
Multimedia/Inter-media,Subject
Multimedia/Intermedia,Subject
Museum Practice/Museum Studies/Curatorial Studies/Arts Administration,Subject
Native American,Subject
Native American/First Nations,Subject
Nineteenth Century,Chronology
Nineteenth-Century Art,Chronology
North America,Geographic
Northern Europe,Geographic
Oceania/Australia,Geographic
Oceanic/Australian Art,Geographic
Outsider/Folk Art,Subject
Painting,Subject
"Patronage, Art Collecting",Subject
Performance Art/Performance Studies/Public Practice,Subject
Performance Studies,Subject
Photography,Subject
Politics/Economics,Subject
Pre-Columbian Art,Chronology
Prehistoric Art,Chronology
Queer/Gay Art,Subject
Race/Ethnicity,Subject
Religion/Cosmology/Spirituality,Subject
Renaissance/Baroque Art,Chronology
Sculpture,Subject
Seventeenth Century,Chronology
Sixteenth Century,Chronology
Sixth Century CE to Eleventh Century CE Art,Chronology
Sixth to Tenth Century,Chronology
Sound Art,Subject
South America,Geographic
South Asia/South East Asia,Geographic
South/Southeast Asian Art,Geographic
Southern Europe and Mediterranean,Geographic
"Theory, Historiography, and Methodology",Subject
Theory/Historiography/Methodology,Subject
Twentieth Century,Chronology
Twentieth-Century Art,Chronology
Twenty-first Century,Chronology
Twenty-First-Century Art,Chronology
Visual Studies,Subject
Visual Studies/Visual Culture Studies,Subject
West Asia,Geographic
World Art,Subject